<?xml version="1.0" encoding="UTF-8" ?>
<!DOCTYPE mapper
        PUBLIC "-//mybatis.org//DTD Mapper 3.0//EN"
        "http://mybatis.org/dtd/mybatis-3-mapper.dtd">
<mapper namespace="com.kechuang.kechuang.mapper.QuestionMapper">

    <update id="updatequestion">
        update mathquestions
        <set>
            <if test="username !=null and username !=''">
                username=#{username},
            </if>
        <if test="question !=null and question !=''">
            question=#{question},
        </if>
        <if test="description !=null and description !=''">
            description=#{description},
        </if>
        <if test="subject !=null and subject !=''">
            subject=#{subject},
        </if>
        <if test="createtime !=null">
            createtime=#{createtime}
        </if>
    </set>
        where id =#{id}
    </update>

</mapper>